<?xml version="1.0" encoding="UTF-8"?><!--
        *** GENERATED FROM jax-ws.xml - DO NOT EDIT !                             ***
        *** TO MODIFY wsimport options USE Web Service node -> Edit WS Attributes ***
        *** TO CHANGE TARGETS GENERATED TO jaxws-build.xml COPY THOSE             ***
        *** TARGETS TO ../build.xml AND MODIFY THAT FILE INSTEAD                  ***

        --><project xmlns:xalan="http://xml.apache.org/xslt" xmlns:j2seproject3="http://www.netbeans.org/ns/j2se-project/3" xmlns:jaxws="http://www.netbeans.org/ns/jax-ws/1">
    <!--
                ===================
                JAX-WS WSIMPORT SECTION
                ===================
            -->
    <target name="wsimport-init" depends="init">
        <mkdir dir="${build.generated.sources.dir}/jax-ws"/>
        <taskdef name="wsimport" classname="com.sun.tools.ws.ant.WsImport">
            <classpath path="${libs.jaxws21.classpath}"/>
        </taskdef>
    </target>
    <target name="wsimport-client-Validar" depends="wsimport-init">
        <mkdir dir="${build.generated.dir}/jax-wsCache/Validar"/>
        <property name="wsdl-Validar" location="xml-resources/web-service-references/Validar/wsdl/localhost_8080/P2Servicio/Validar.wsdl"/>
        <wsimport sourcedestdir="${build.generated.dir}/jax-wsCache/Validar" destdir="${build.generated.dir}/jax-wsCache/Validar" wsdl="${wsdl-Validar}" catalog="catalog.xml" encoding="${source.encoding}" extension="true" verbose="true" fork="false" wsdlLocation="http://localhost:8080/P2Servicio/Validar?WSDL" xnocompile="true" xendorsed="true">
            <depends file="${wsdl-Validar}"/>
            <produces dir="${build.generated.dir}/jax-wsCache/Validar"/>
        </wsimport>
        <copy todir="${build.generated.sources.dir}/jax-ws">
            <fileset dir="${build.generated.dir}/jax-wsCache/Validar">
                <include name="**/*.java"/>
            </fileset>
        </copy>
    </target>
    <target name="wsimport-client-clean-Validar" depends="-init-project">
        <delete dir="${build.generated.dir}/jax-wsCache/Validar"/>
        <delete dir="${build.generated.sources.dir}/jax-ws/validar"/>
    </target>
    <target name="wsimport-client-Validar_1" depends="wsimport-init">
        <mkdir dir="${build.generated.dir}/jax-wsCache/Validar_1"/>
        <property name="wsdl-Validar_1" location="xml-resources/web-service-references/Validar_1/wsdl/localhost_8080/P2Servicio/Validar.wsdl"/>
        <wsimport sourcedestdir="${build.generated.dir}/jax-wsCache/Validar_1" destdir="${build.generated.dir}/jax-wsCache/Validar_1" wsdl="${wsdl-Validar_1}" catalog="catalog.xml" encoding="${source.encoding}" extension="true" verbose="true" fork="false" wsdlLocation="http://localhost:8080/P2Servicio/Validar?WSDL" xnocompile="true" xendorsed="true">
            <depends file="${wsdl-Validar_1}"/>
            <produces dir="${build.generated.dir}/jax-wsCache/Validar_1"/>
        </wsimport>
        <copy todir="${build.generated.sources.dir}/jax-ws">
            <fileset dir="${build.generated.dir}/jax-wsCache/Validar_1">
                <include name="**/*.java"/>
            </fileset>
        </copy>
    </target>
    <target name="wsimport-client-clean-Validar_1" depends="-init-project">
        <delete dir="${build.generated.dir}/jax-wsCache/Validar_1"/>
        <delete dir="${build.generated.sources.dir}/jax-ws/validar"/>
    </target>
    <target name="wsimport-client-generate" depends="wsimport-client-Validar, wsimport-client-Validar_1"/>
</project>
